<?xml version="1.0" encoding="UTF-8"?>
<FLOW VERSION="3.0" CLEANUP="true">
  <service name="NS.enterprise.logistics.wms.syncWarehouseInventory">
    <description>Sync inventory with Manhattan WMS - Bidirectional updates</description>
    <inVars><var name="inputDoc" type="record"/><var name="partnerId" type="string"/></inVars>
    <outVars><var name="outputDoc" type="record"/><var name="status" type="string"/></outVars>
    <SEQUENCE label="Main">
        <INVOKE label="ReceiveWMSMessage"><SERVICE name="pub.jms:receive"/><INPUT><record javaclass="com.wm.util.Values"><value name="doc">%doc%</value></record></INPUT><OUTPUT name="result"/></INVOKE>
        <MAP label="ParseWMSFormat"><MAPSOURCE><record name="src"/></MAPSOURCE><MAPTARGET><record name="tgt"/></MAPTARGET></MAP>
        <BRANCH label="MessageType" switch="$msgType">
      <SEQUENCE label="ProcessReceipt">
        <INVOKE label="UpdateERPInventory"><SERVICE name="pub.sap:call"/><INPUT><record javaclass="com.wm.util.Values"><value name="doc">%doc%</value></record></INPUT><OUTPUT name="result"/></INVOKE>
      </SEQUENCE>
      <SEQUENCE label="ProcessAdjustment">
        <INVOKE label="RecordAdjustment"><SERVICE name="pub.db:insert"/><INPUT><record javaclass="com.wm.util.Values"><value name="doc">%doc%</value></record></INPUT><OUTPUT name="result"/></INVOKE>
        <INVOKE label="PostAdjustmentSAP"><SERVICE name="pub.sap:call"/><INPUT><record javaclass="com.wm.util.Values"><value name="doc">%doc%</value></record></INPUT><OUTPUT name="result"/></INVOKE>
      </SEQUENCE>
      <SEQUENCE label="ProcessCycleCount">
        <LOOP label="ProcessCountItems" on="countItems">
        <INVOKE label="UpdateCount"><SERVICE name="pub.db:update"/><INPUT><record javaclass="com.wm.util.Values"><value name="doc">%doc%</value></record></INPUT><OUTPUT name="result"/></INVOKE>
        </LOOP>
      </SEQUENCE>
        </BRANCH>
        <INVOKE label="PublishInventoryEvent"><SERVICE name="pub.jms:send"/><INPUT><record javaclass="com.wm.util.Values"><value name="doc">%doc%</value></record></INPUT><OUTPUT name="result"/></INVOKE>

    </SEQUENCE>
  </service>
</FLOW>