<?xml version="1.0" encoding="UTF-8"?>
<FLOW VERSION="3.0" CLEANUP="true">
  <service name="NS.enterprise.erp.sap.inventory.processGoodsReceipt">
    <description>Process Goods Receipt from SAP - Update inventory, notify WMS</description>
    <inVars><var name="inputDoc" type="record"/><var name="partnerId" type="string"/></inVars>
    <outVars><var name="outputDoc" type="record"/><var name="status" type="string"/></outVars>
    <SEQUENCE label="Main">
        <INVOKE label="ReceiveIDOC"><SERVICE name="pub.sap:listen"/><INPUT><record javaclass="com.wm.util.Values"><value name="doc">%doc%</value></record></INPUT><OUTPUT name="result"/></INVOKE>
        <MAP label="ParseGoodsReceipt"><MAPSOURCE><record name="src"/></MAPSOURCE><MAPTARGET><record name="tgt"/></MAPTARGET></MAP>
      <SEQUENCE label="UpdateInventory">
        <LOOP label="ProcessMaterials" on="materials">
        <INVOKE label="UpdateStockTable"><SERVICE name="pub.db:update"/><INPUT><record javaclass="com.wm.util.Values"><value name="doc">%doc%</value></record></INPUT><OUTPUT name="result"/></INVOKE>
        <BRANCH label="CheckReorderPoint" switch="$belowMin">
        <INVOKE label="TriggerReorder"><SERVICE name="pub.jms:send"/><INPUT><record javaclass="com.wm.util.Values"><value name="doc">%doc%</value></record></INPUT><OUTPUT name="result"/></INVOKE>
        </BRANCH>
        </LOOP>
      </SEQUENCE>
        <INVOKE label="NotifyWMS"><SERVICE name="pub.client:http"/><INPUT><record javaclass="com.wm.util.Values"><value name="doc">%doc%</value></record></INPUT><OUTPUT name="result"/></INVOKE>
        <INVOKE label="LogReceipt"><SERVICE name="pub.db:insert"/><INPUT><record javaclass="com.wm.util.Values"><value name="doc">%doc%</value></record></INPUT><OUTPUT name="result"/></INVOKE>

    </SEQUENCE>
  </service>
</FLOW>