<?xml version="1.0" encoding="UTF-8"?>
<FLOW VERSION="3.0" CLEANUP="true">
  <service name="NS.enterprise.b2b.edi.outbound.generateEDI856_ASN">
    <description>Generate EDI 856 Advance Ship Notice - Get shipment data, build EDI, transmit to trading partner</description>
    <inVars><var name="inputDoc" type="record"/><var name="partnerId" type="string"/></inVars>
    <outVars><var name="outputDoc" type="record"/><var name="status" type="string"/></outVars>
    <SEQUENCE label="Main">
      <SEQUENCE label="GetShipmentData">
        <INVOKE label="QueryShipments"><SERVICE name="pub.db:query"/><INPUT><record javaclass="com.wm.util.Values"><value name="doc">%doc%</value></record></INPUT><OUTPUT name="result"/></INVOKE>
        <INVOKE label="GetCarrierDetails"><SERVICE name="pub.client:http"/><INPUT><record javaclass="com.wm.util.Values"><value name="doc">%doc%</value></record></INPUT><OUTPUT name="result"/></INVOKE>
      </SEQUENCE>
      <SEQUENCE label="BuildASN">
        <MAP label="MapShipmentHeader"><MAPSOURCE><record name="src"/></MAPSOURCE><MAPTARGET><record name="tgt"/></MAPTARGET></MAP>
        <LOOP label="ProcessPackages" on="packages">
        <MAP label="MapPackageDetails"><MAPSOURCE><record name="src"/></MAPSOURCE><MAPTARGET><record name="tgt"/></MAPTARGET></MAP>
        <LOOP label="ProcessItems" on="lineItems">
        <MAP label="MapItemDetails"><MAPSOURCE><record name="src"/></MAPSOURCE><MAPTARGET><record name="tgt"/></MAPTARGET></MAP>
        </LOOP>
        </LOOP>
      </SEQUENCE>
      <SEQUENCE label="TransmitASN">
        <INVOKE label="ConvertToEDI"><SERVICE name="wm.b2b.edi:convertToString"/><INPUT><record javaclass="com.wm.util.Values"><value name="doc">%doc%</value></record></INPUT><OUTPUT name="result"/></INVOKE>
        <INVOKE label="TransmitAS2"><SERVICE name="wm.b2b.as2:send"/><INPUT><record javaclass="com.wm.util.Values"><value name="doc">%doc%</value></record></INPUT><OUTPUT name="result"/></INVOKE>
        <INVOKE label="LogTransaction"><SERVICE name="wm.tn:logActivity"/><INPUT><record javaclass="com.wm.util.Values"><value name="doc">%doc%</value></record></INPUT><OUTPUT name="result"/></INVOKE>
      </SEQUENCE>

    </SEQUENCE>
  </service>
</FLOW>