<?xml version="1.0" encoding="UTF-8"?>
<FLOW VERSION="3.0" CLEANUP="true">
  <service name="NS.enterprise.crm.salesforce.updateCustomer360">
    <description>Update Customer 360 view in Salesforce with order and service data</description>
    <inVars><var name="inputDoc" type="record"/><var name="partnerId" type="string"/></inVars>
    <outVars><var name="outputDoc" type="record"/><var name="status" type="string"/></outVars>
    <SEQUENCE label="Main">
        <INVOKE label="ReceiveEvent"><SERVICE name="pub.jms:receive"/><INPUT><record javaclass="com.wm.util.Values"><value name="doc">%doc%</value></record></INPUT><OUTPUT name="result"/></INVOKE>
        <MAP label="ParseCustomerEvent"><MAPSOURCE><record name="src"/></MAPSOURCE><MAPTARGET><record name="tgt"/></MAPTARGET></MAP>
      <SEQUENCE label="AggregateData">
        <INVOKE label="GetOrderHistory"><SERVICE name="pub.db:query"/><INPUT><record javaclass="com.wm.util.Values"><value name="doc">%doc%</value></record></INPUT><OUTPUT name="result"/></INVOKE>
        <INVOKE label="GetServiceCases"><SERVICE name="pub.client:http"/><INPUT><record javaclass="com.wm.util.Values"><value name="doc">%doc%</value></record></INPUT><OUTPUT name="result"/></INVOKE>
        <INVOKE label="GetLoyaltyPoints"><SERVICE name="pub.client:http"/><INPUT><record javaclass="com.wm.util.Values"><value name="doc">%doc%</value></record></INPUT><OUTPUT name="result"/></INVOKE>
        <INVOKE label="CalculateLifetimeValue"><SERVICE name="pub.flow:invokeService"/><INPUT><record javaclass="com.wm.util.Values"><value name="doc">%doc%</value></record></INPUT><OUTPUT name="result"/></INVOKE>
      </SEQUENCE>
        <MAP label="BuildCustomer360"><MAPSOURCE><record name="src"/></MAPSOURCE><MAPTARGET><record name="tgt"/></MAPTARGET></MAP>
        <INVOKE label="UpdateSFDCAccount"><SERVICE name="pub.client:http"/><INPUT><record javaclass="com.wm.util.Values"><value name="doc">%doc%</value></record></INPUT><OUTPUT name="result"/></INVOKE>
        <INVOKE label="LogSync"><SERVICE name="pub.db:insert"/><INPUT><record javaclass="com.wm.util.Values"><value name="doc">%doc%</value></record></INPUT><OUTPUT name="result"/></INVOKE>

    </SEQUENCE>
  </service>
</FLOW>