<?xml version="1.0" encoding="UTF-8"?>
<FLOW VERSION="3.0" CLEANUP="true">
  <service name="NS.enterprise.b2b.edi.inbound.processEDI945_WarehouseAdvice">
    <description>Process EDI 945 Warehouse Shipping Advice from 3PL - Update inventory, trigger ASN</description>
    <inVars><var name="inputDoc" type="record"/><var name="partnerId" type="string"/></inVars>
    <outVars><var name="outputDoc" type="record"/><var name="status" type="string"/></outVars>
    <SEQUENCE label="Main">
      <SEQUENCE label="ReceiveAdvice">
        <INVOKE label="ParseEDI945"><SERVICE name="wm.b2b.edi:convertToValues"/><INPUT><record javaclass="com.wm.util.Values"><value name="doc">%doc%</value></record></INPUT><OUTPUT name="result"/></INVOKE>
        <INVOKE label="ValidateAdvice"><SERVICE name="wm.b2b.edi:validate"/><INPUT><record javaclass="com.wm.util.Values"><value name="doc">%doc%</value></record></INPUT><OUTPUT name="result"/></INVOKE>
      </SEQUENCE>
      <SEQUENCE label="UpdateInventory">
        <LOOP label="ProcessShippedItems" on="shippedItems">
        <INVOKE label="DecrementInventory"><SERVICE name="pub.db:update"/><INPUT><record javaclass="com.wm.util.Values"><value name="doc">%doc%</value></record></INPUT><OUTPUT name="result"/></INVOKE>
        <INVOKE label="UpdateSAPStock"><SERVICE name="pub.sap:call"/><INPUT><record javaclass="com.wm.util.Values"><value name="doc">%doc%</value></record></INPUT><OUTPUT name="result"/></INVOKE>
        </LOOP>
      </SEQUENCE>
      <SEQUENCE label="TriggerDownstream">
        <INVOKE label="PublishShipEvent"><SERVICE name="pub.jms:send"/><INPUT><record javaclass="com.wm.util.Values"><value name="doc">%doc%</value></record></INPUT><OUTPUT name="result"/></INVOKE>
        <INVOKE label="TriggerASNGeneration"><SERVICE name="pub.flow:invokeService"/><INPUT><record javaclass="com.wm.util.Values"><value name="doc">%doc%</value></record></INPUT><OUTPUT name="result"/></INVOKE>
      </SEQUENCE>

    </SEQUENCE>
  </service>
</FLOW>