<?xml version="1.0" encoding="UTF-8"?>
<FLOW VERSION="3.0" CLEANUP="true">
  <service name="NS.enterprise.b2b.edi.outbound.generateEDI810_Invoice">
    <description>Generate EDI 810 Invoice - Get billing data from ERP, generate invoice, transmit</description>
    <inVars><var name="inputDoc" type="record"/><var name="partnerId" type="string"/></inVars>
    <outVars><var name="outputDoc" type="record"/><var name="status" type="string"/></outVars>
    <SEQUENCE label="Main">
      <SEQUENCE label="GetInvoiceData">
        <INVOKE label="QueryBillingDocs"><SERVICE name="pub.sap:call"/><INPUT><record javaclass="com.wm.util.Values"><value name="doc">%doc%</value></record></INPUT><OUTPUT name="result"/></INVOKE>
        <INVOKE label="GetCustomerProfile"><SERVICE name="wm.tn:getPartnerProfile"/><INPUT><record javaclass="com.wm.util.Values"><value name="doc">%doc%</value></record></INPUT><OUTPUT name="result"/></INVOKE>
        <BRANCH label="CheckInvoiceType" switch="$invoiceType">
        <MAP label="MapCreditMemo"><MAPSOURCE><record name="src"/></MAPSOURCE><MAPTARGET><record name="tgt"/></MAPTARGET></MAP>
        <MAP label="MapDebitMemo"><MAPSOURCE><record name="src"/></MAPSOURCE><MAPTARGET><record name="tgt"/></MAPTARGET></MAP>
        <MAP label="MapStandardInvoice"><MAPSOURCE><record name="src"/></MAPSOURCE><MAPTARGET><record name="tgt"/></MAPTARGET></MAP>
        </BRANCH>
      </SEQUENCE>
      <SEQUENCE label="GenerateEDI">
        <LOOP label="ProcessInvoiceLines" on="invoiceLines">
        <MAP label="MapLineCharges"><MAPSOURCE><record name="src"/></MAPSOURCE><MAPTARGET><record name="tgt"/></MAPTARGET></MAP>
        <MAP label="CalculateTaxes"><MAPSOURCE><record name="src"/></MAPSOURCE><MAPTARGET><record name="tgt"/></MAPTARGET></MAP>
        </LOOP>
        <INVOKE label="BuildEDI810"><SERVICE name="wm.b2b.edi:convertToString"/><INPUT><record javaclass="com.wm.util.Values"><value name="doc">%doc%</value></record></INPUT><OUTPUT name="result"/></INVOKE>
      </SEQUENCE>
        <INVOKE label="TransmitInvoice"><SERVICE name="wm.b2b.as2:send"/><INPUT><record javaclass="com.wm.util.Values"><value name="doc">%doc%</value></record></INPUT><OUTPUT name="result"/></INVOKE>

    </SEQUENCE>
  </service>
</FLOW>