<?xml version="1.0" encoding="UTF-8"?>
<FLOW VERSION="3.0" CLEANUP="true">
  <service name="NS.enterprise.b2b.edi.inbound.processEDI850_PurchaseOrder">
    <description>Inbound EDI 850 Purchase Order - Parse EDI, validate, map to canonical order, create ERP sales order</description>
    <inVars><var name="inputDoc" type="record"/><var name="partnerId" type="string"/></inVars>
    <outVars><var name="outputDoc" type="record"/><var name="status" type="string"/></outVars>
    <SEQUENCE label="Main">
      <SEQUENCE label="ParseEDI">
        <INVOKE label="ConvertEDItoValues"><SERVICE name="wm.b2b.edi:convertToValues"/><INPUT><record javaclass="com.wm.util.Values"><value name="doc">%doc%</value></record></INPUT><OUTPUT name="result"/></INVOKE>
        <INVOKE label="ValidateEDI"><SERVICE name="wm.b2b.edi:validate"/><INPUT><record javaclass="com.wm.util.Values"><value name="doc">%doc%</value></record></INPUT><OUTPUT name="result"/></INVOKE>
        <INVOKE label="GetTradingPartner"><SERVICE name="wm.tn:getPartnerProfile"/><INPUT><record javaclass="com.wm.util.Values"><value name="doc">%doc%</value></record></INPUT><OUTPUT name="result"/></INVOKE>
      </SEQUENCE>
      <SEQUENCE label="TransformOrder">
        <MAP label="MapPOHeader"><MAPSOURCE><record name="src"/></MAPSOURCE><MAPTARGET><record name="tgt"/></MAPTARGET></MAP>
        <LOOP label="ProcessLineItems" on="POLines">
        <MAP label="MapLineItem"><MAPSOURCE><record name="src"/></MAPSOURCE><MAPTARGET><record name="tgt"/></MAPTARGET></MAP>
        <INVOKE label="CheckInventory"><SERVICE name="pub.client:http"/><INPUT><record javaclass="com.wm.util.Values"><value name="doc">%doc%</value></record></INPUT><OUTPUT name="result"/></INVOKE>
        </LOOP>
      </SEQUENCE>
      <SEQUENCE label="CreateERPOrder">
        <INVOKE label="CreateSalesOrder"><SERVICE name="pub.sap:call"/><INPUT><record javaclass="com.wm.util.Values"><value name="doc">%doc%</value></record></INPUT><OUTPUT name="result"/></INVOKE>
        <INVOKE label="Send997Ack"><SERVICE name="wm.b2b.edi:send997"/><INPUT><record javaclass="com.wm.util.Values"><value name="doc">%doc%</value></record></INPUT><OUTPUT name="result"/></INVOKE>
      </SEQUENCE>

    </SEQUENCE>
  </service>
</FLOW>