<?xml version="1.0" encoding="UTF-8"?>
<FLOW VERSION="3.0" CLEANUP="true">
  <service name="NS.enterprise.finance.tax.calculateSalesTax">
    <description>Real-time tax calculation using Avalara/Vertex</description>
    <inVars><var name="inputDoc" type="record"/><var name="partnerId" type="string"/></inVars>
    <outVars><var name="outputDoc" type="record"/><var name="status" type="string"/></outVars>
    <SEQUENCE label="Main">
      <SEQUENCE label="PrepareRequest">
        <INVOKE label="GetOrderDetails"><SERVICE name="pub.flow:invokeService"/><INPUT><record javaclass="com.wm.util.Values"><value name="doc">%doc%</value></record></INPUT><OUTPUT name="result"/></INVOKE>
        <INVOKE label="ValidateAddresses"><SERVICE name="pub.client:http"/><INPUT><record javaclass="com.wm.util.Values"><value name="doc">%doc%</value></record></INPUT><OUTPUT name="result"/></INVOKE>
        <MAP label="BuildTaxRequest"><MAPSOURCE><record name="src"/></MAPSOURCE><MAPTARGET><record name="tgt"/></MAPTARGET></MAP>
      </SEQUENCE>
      <SEQUENCE label="CalculateTax">
        <REPEAT label="RetryLoop" count="3">
        <INVOKE label="CallAvalara"><SERVICE name="pub.client:http"/><INPUT><record javaclass="com.wm.util.Values"><value name="doc">%doc%</value></record></INPUT><OUTPUT name="result"/></INVOKE>
        </REPEAT>
        <MAP label="ParseTaxResponse"><MAPSOURCE><record name="src"/></MAPSOURCE><MAPTARGET><record name="tgt"/></MAPTARGET></MAP>
      </SEQUENCE>
        <LOOP label="ApplyTaxToLines" on="lineItems">
        <MAP label="SetLineTax"><MAPSOURCE><record name="src"/></MAPSOURCE><MAPTARGET><record name="tgt"/></MAPTARGET></MAP>
        </LOOP>
        <INVOKE label="CacheTaxResult"><SERVICE name="pub.cache:put"/><INPUT><record javaclass="com.wm.util.Values"><value name="doc">%doc%</value></record></INPUT><OUTPUT name="result"/></INVOKE>

    </SEQUENCE>
  </service>
</FLOW>