<?xml version="1.0" encoding="UTF-8"?>
<FLOW VERSION="3.0" CLEANUP="true">
  <service name="NS.enterprise.ecommerce.shopify.ingestShopifyOrder">
    <description>Real-time order ingestion from Shopify - Validate, transform, route to fulfillment</description>
    <inVars><var name="inputDoc" type="record"/><var name="partnerId" type="string"/></inVars>
    <outVars><var name="outputDoc" type="record"/><var name="status" type="string"/></outVars>
    <SEQUENCE label="Main">
      <SEQUENCE label="ReceiveOrder">
        <INVOKE label="ParseWebhook"><SERVICE name="pub.json:jsonStringToDocument"/><INPUT><record javaclass="com.wm.util.Values"><value name="doc">%doc%</value></record></INPUT><OUTPUT name="result"/></INVOKE>
        <INVOKE label="ValidateHMAC"><SERVICE name="pub.security:verifyHMAC"/><INPUT><record javaclass="com.wm.util.Values"><value name="doc">%doc%</value></record></INPUT><OUTPUT name="result"/></INVOKE>
        <INVOKE label="DedupCheck"><SERVICE name="pub.db:query"/><INPUT><record javaclass="com.wm.util.Values"><value name="doc">%doc%</value></record></INPUT><OUTPUT name="result"/></INVOKE>
      </SEQUENCE>
      <SEQUENCE label="EnrichOrder">
        <INVOKE label="GetCustomerProfile"><SERVICE name="pub.db:query"/><INPUT><record javaclass="com.wm.util.Values"><value name="doc">%doc%</value></record></INPUT><OUTPUT name="result"/></INVOKE>
        <INVOKE label="ValidateTax"><SERVICE name="pub.client:http"/><INPUT><record javaclass="com.wm.util.Values"><value name="doc">%doc%</value></record></INPUT><OUTPUT name="result"/></INVOKE>
        <INVOKE label="CheckFraud"><SERVICE name="pub.client:http"/><INPUT><record javaclass="com.wm.util.Values"><value name="doc">%doc%</value></record></INPUT><OUTPUT name="result"/></INVOKE>
        <BRANCH label="FraudCheck" switch="$fraudScore">
        <INVOKE label="HoldForReview"><SERVICE name="pub.jms:send"/><INPUT><record javaclass="com.wm.util.Values"><value name="doc">%doc%</value></record></INPUT><OUTPUT name="result"/></INVOKE>
        <MAP label="ProceedNormal"><MAPSOURCE><record name="src"/></MAPSOURCE><MAPTARGET><record name="tgt"/></MAPTARGET></MAP>
        </BRANCH>
      </SEQUENCE>
        <MAP label="MapToCanonicalOrder"><MAPSOURCE><record name="src"/></MAPSOURCE><MAPTARGET><record name="tgt"/></MAPTARGET></MAP>
        <INVOKE label="RouteToFulfillment"><SERVICE name="pub.jms:send"/><INPUT><record javaclass="com.wm.util.Values"><value name="doc">%doc%</value></record></INPUT><OUTPUT name="result"/></INVOKE>
        <INVOKE label="UpdateShopify"><SERVICE name="pub.client:http"/><INPUT><record javaclass="com.wm.util.Values"><value name="doc">%doc%</value></record></INPUT><OUTPUT name="result"/></INVOKE>

    </SEQUENCE>
  </service>
</FLOW>