<?xml version="1.0" encoding="UTF-8"?>
<FLOW VERSION="3.0" CLEANUP="true">
  <service name="NS.enterprise.logistics.shipping.processFedExShipment">
    <description>Create FedEx shipment - Generate labels, track packages</description>
    <inVars><var name="inputDoc" type="record"/><var name="partnerId" type="string"/></inVars>
    <outVars><var name="outputDoc" type="record"/><var name="status" type="string"/></outVars>
    <SEQUENCE label="Main">
      <SEQUENCE label="PrepareShipment">
        <INVOKE label="GetOrderDetails"><SERVICE name="pub.db:query"/><INPUT><record javaclass="com.wm.util.Values"><value name="doc">%doc%</value></record></INPUT><OUTPUT name="result"/></INVOKE>
        <INVOKE label="ValidateAddress"><SERVICE name="pub.client:http"/><INPUT><record javaclass="com.wm.util.Values"><value name="doc">%doc%</value></record></INPUT><OUTPUT name="result"/></INVOKE>
        <INVOKE label="GetRates"><SERVICE name="pub.client:http"/><INPUT><record javaclass="com.wm.util.Values"><value name="doc">%doc%</value></record></INPUT><OUTPUT name="result"/></INVOKE>
        <BRANCH label="SelectService" switch="$priority">
        <MAP label="UseFedExGround"><MAPSOURCE><record name="src"/></MAPSOURCE><MAPTARGET><record name="tgt"/></MAPTARGET></MAP>
        <MAP label="UseFedExExpress"><MAPSOURCE><record name="src"/></MAPSOURCE><MAPTARGET><record name="tgt"/></MAPTARGET></MAP>
        <MAP label="UseFedExOvernight"><MAPSOURCE><record name="src"/></MAPSOURCE><MAPTARGET><record name="tgt"/></MAPTARGET></MAP>
        </BRANCH>
      </SEQUENCE>
      <SEQUENCE label="CreateShipment">
        <INVOKE label="AuthenticateFedEx"><SERVICE name="pub.client:http"/><INPUT><record javaclass="com.wm.util.Values"><value name="doc">%doc%</value></record></INPUT><OUTPUT name="result"/></INVOKE>
        <INVOKE label="CreateShipmentRequest"><SERVICE name="pub.client:http"/><INPUT><record javaclass="com.wm.util.Values"><value name="doc">%doc%</value></record></INPUT><OUTPUT name="result"/></INVOKE>
        <INVOKE label="GetTrackingNumber"><SERVICE name="pub.xml:queryXMLNode"/><INPUT><record javaclass="com.wm.util.Values"><value name="doc">%doc%</value></record></INPUT><OUTPUT name="result"/></INVOKE>
        <INVOKE label="DownloadLabel"><SERVICE name="pub.client:http"/><INPUT><record javaclass="com.wm.util.Values"><value name="doc">%doc%</value></record></INPUT><OUTPUT name="result"/></INVOKE>
      </SEQUENCE>
        <INVOKE label="UpdateOrder"><SERVICE name="pub.db:update"/><INPUT><record javaclass="com.wm.util.Values"><value name="doc">%doc%</value></record></INPUT><OUTPUT name="result"/></INVOKE>
        <INVOKE label="SendTrackingEmail"><SERVICE name="pub.client:smtp"/><INPUT><record javaclass="com.wm.util.Values"><value name="doc">%doc%</value></record></INPUT><OUTPUT name="result"/></INVOKE>

    </SEQUENCE>
  </service>
</FLOW>