<?xml version="1.0" encoding="UTF-8"?>
<FLOW VERSION="3.0" CLEANUP="true">
  <service name="NS.enterprise.ecommerce.shopify.syncOrderStatus">
    <description>Push order status back to Shopify</description>
    <inVars><var name="inputDoc" type="record"/><var name="partnerId" type="string"/></inVars>
    <outVars><var name="outputDoc" type="record"/><var name="status" type="string"/></outVars>
    <SEQUENCE label="Main">
        <INVOKE label="GetOrderUpdate"><SERVICE name="pub.jms:receive"/><INPUT><record javaclass="com.wm.util.Values"><value name="doc">%doc%</value></record></INPUT><OUTPUT name="result"/></INVOKE>
        <MAP label="BuildShopifyUpdate"><MAPSOURCE><record name="src"/></MAPSOURCE><MAPTARGET><record name="tgt"/></MAPTARGET></MAP>
        <INVOKE label="UpdateShopify"><SERVICE name="pub.client:http"/><INPUT><record javaclass="com.wm.util.Values"><value name="doc">%doc%</value></record></INPUT><OUTPUT name="result"/></INVOKE>

    </SEQUENCE>
  </service>
</FLOW>