<?xml version="1.0" encoding="UTF-8"?>
<FLOW VERSION="3.0" CLEANUP="true">
  <service name="NS.enterprise.finance.payments.processPayment">
    <description>Process payment through gateway - Auth, capture, record</description>
    <inVars><var name="inputDoc" type="record"/><var name="partnerId" type="string"/></inVars>
    <outVars><var name="outputDoc" type="record"/><var name="status" type="string"/></outVars>
    <SEQUENCE label="Main">
      <SEQUENCE label="ValidatePayment">
        <INVOKE label="ValidateCard"><SERVICE name="pub.flow:invokeService"/><INPUT><record javaclass="com.wm.util.Values"><value name="doc">%doc%</value></record></INPUT><OUTPUT name="result"/></INVOKE>
        <INVOKE label="CheckFraud"><SERVICE name="pub.client:http"/><INPUT><record javaclass="com.wm.util.Values"><value name="doc">%doc%</value></record></INPUT><OUTPUT name="result"/></INVOKE>
        <BRANCH label="FraudResult" switch="$fraudDecision">
        <INVOKE label="RejectPayment"><SERVICE name="pub.db:insert"/><INPUT><record javaclass="com.wm.util.Values"><value name="doc">%doc%</value></record></INPUT><OUTPUT name="result"/></INVOKE>
        <EXIT label="ExitFraud" signal="SUCCESS"/>
        </BRANCH>
      </SEQUENCE>
      <SEQUENCE label="ProcessAuthorization">
        <INVOKE label="ConnectStripe"><SERVICE name="pub.client:http"/><INPUT><record javaclass="com.wm.util.Values"><value name="doc">%doc%</value></record></INPUT><OUTPUT name="result"/></INVOKE>
        <INVOKE label="AuthorizePayment"><SERVICE name="pub.client:http"/><INPUT><record javaclass="com.wm.util.Values"><value name="doc">%doc%</value></record></INPUT><OUTPUT name="result"/></INVOKE>
        <BRANCH label="AuthResult" switch="$authCode">
        <INVOKE label="HandleDecline"><SERVICE name="pub.flow:invokeService"/><INPUT><record javaclass="com.wm.util.Values"><value name="doc">%doc%</value></record></INPUT><OUTPUT name="result"/></INVOKE>
      <SEQUENCE label="CapturePayment">
        <INVOKE label="CaptureTransaction"><SERVICE name="pub.client:http"/><INPUT><record javaclass="com.wm.util.Values"><value name="doc">%doc%</value></record></INPUT><OUTPUT name="result"/></INVOKE>
        <INVOKE label="RecordPayment"><SERVICE name="pub.db:insert"/><INPUT><record javaclass="com.wm.util.Values"><value name="doc">%doc%</value></record></INPUT><OUTPUT name="result"/></INVOKE>
      </SEQUENCE>
        </BRANCH>
      </SEQUENCE>
        <INVOKE label="SendReceipt"><SERVICE name="pub.client:smtp"/><INPUT><record javaclass="com.wm.util.Values"><value name="doc">%doc%</value></record></INPUT><OUTPUT name="result"/></INVOKE>

    </SEQUENCE>
  </service>
</FLOW>